{
  "mapSize": {
    "x": 10,
    "y": 10,
    "magnitude": 14.1421356,
    "sqrMagnitude": 200
  },
  "mapData": [
    1,
    1,
    1,
    1,
    1,
    1,
    1,
    1,
    1,
    1,
    1,
    0,
    0,
    0,
    1,
    1,
    0,
    0,
    0,
    1,
    1,
    0,
    0,
    0,
    0,
    0,
    0,
    0,
    0,
    1,
    1,
    0,
    0,
    0,
    0,
    0,
    0,
    0,
    0,
    1,
    1,
    1,
    0,
    0,
    2,
    6,
    0,
    0,
    1,
    1,
    1,
    1,
    0,
    0,
    4,
    5,
    0,
    0,
    1,
    1,
    1,
    0,
    0,
    0,
    0,
    0,
    0,
    0,
    0,
    1,
    1,
    0,
    0,
    0,
    0,
    0,
    0,
    0,
    0,
    1,
    1,
    0,
    0,
    0,
    1,
    1,
    0,
    0,
    0,
    1,
    1,
    1,
    1,
    1,
    1,
    1,
    1,
    1,
    1,
    1
  ],
  "playerPosition": {
    "x": 3,
    "y": -3,
    "magnitude": 4.2426405,
    "sqrMagnitude": 18
  }
}